{
    "name": "root",
    "metadata": {
        "timer_format_version": "0.1.0",
        "start_time_seconds": "1738075809",
        "python_version": "3.9.13 (tags/v3.9.13:6de2ca5, May 17 2022, 16:36:42) [MSC v.1929 64 bit (AMD64)]",
        "command_line_arguments": "C:\\DominoMada\\venv\\Scripts\\mlagents-learn --run-id=testIntermediate --resume",
        "mlagents_version": "0.30.0",
        "mlagents_envs_version": "0.30.0",
        "communication_protocol_version": "1.5.0",
        "pytorch_version": "2.5.1+cpu",
        "numpy_version": "1.21.2",
        "end_time_seconds": "1738075829"
    },
    "total": 20.0167598,
    "count": 1,
    "self": 0.0035022999999974047,
    "children": {
        "run_training.setup": {
            "total": 0.021266599999999913,
            "count": 1,
            "self": 0.021266599999999913
        },
        "TrainerController.start_learning": {
            "total": 19.9919909,
            "count": 1,
            "self": 0.0002684000000030551,
            "children": {
                "TrainerController._reset_env": {
                    "total": 7.147516000000001,
                    "count": 1,
                    "self": 7.147516000000001
                },
                "TrainerController.advance": {
                    "total": 12.798231,
                    "count": 1,
                    "self": 1.4399999997749546e-05,
                    "children": {
                        "env_step": {
                            "total": 12.798216600000002,
                            "count": 1,
                            "self": 12.796489400000002,
                            "children": {
                                "SubprocessEnvManager._take_step": {
                                    "total": 0.0017271999999994847,
                                    "count": 1,
                                    "self": 4.889999999946326e-05,
                                    "children": {
                                        "TorchPolicy.evaluate": {
                                            "total": 0.0016783000000000214,
                                            "count": 1,
                                            "self": 0.0016783000000000214
                                        }
                                    }
                                }
                            }
                        }
                    }
                },
                "trainer_threads": {
                    "total": 6.999999975221272e-07,
                    "count": 1,
                    "self": 6.999999975221272e-07
                },
                "TrainerController._save_models": {
                    "total": 0.04597479999999976,
                    "count": 1,
                    "self": 0.0002248999999991952,
                    "children": {
                        "RLTrainer._checkpoint": {
                            "total": 0.045749900000000565,
                            "count": 1,
                            "self": 0.045749900000000565
                        }
                    }
                }
            }
        }
    }
}